,RunId,iteration,Step,num_type_a_1,num_type_a_2,is_torus,grid_height,grid_width,immediate_killing,aggressiveness,avrg_viability_time_type_a,A1_Initial_Edge_Distance,A2_Initial_Edge_Distance,A1_Initial_Aggressiveness,A2_Initial_Competition_Index,A1_Number,A2_Number
0,0,0,0,10,50,False,25,25,False,2.5,30,3.1,3.42,2.5,0.1,10,50
1,0,0,10,10,50,False,25,25,False,2.5,30,3.1,3.42,2.5,0.1,19,85
2,0,0,20,10,50,False,25,25,False,2.5,30,3.1,3.42,2.5,0.1,28,120
3,0,0,30,10,50,False,25,25,False,2.5,30,3.1,3.42,2.5,0.1,40,144
4,0,0,40,10,50,False,25,25,False,2.5,30,3.1,3.42,2.5,0.1,40,156
5,0,0,50,10,50,False,25,25,False,2.5,30,3.1,3.42,2.5,0.1,50,180
6,0,0,60,10,50,False,25,25,False,2.5,30,3.1,3.42,2.5,0.1,53,214
7,0,0,70,10,50,False,25,25,False,2.5,30,3.1,3.42,2.5,0.1,74,262
8,0,0,80,10,50,False,25,25,False,2.5,30,3.1,3.42,2.5,0.1,91,327
9,0,0,90,10,50,False,25,25,False,2.5,30,3.1,3.42,2.5,0.1,114,374
10,0,0,100,10,50,False,25,25,False,2.5,30,3.1,3.42,2.5,0.1,138,432
11,0,0,110,10,50,False,25,25,False,2.5,30,3.1,3.42,2.5,0.1,157,492
12,0,0,120,10,50,False,25,25,False,2.5,30,3.1,3.42,2.5,0.1,196,564
13,0,0,130,10,50,False,25,25,False,2.5,30,3.1,3.42,2.5,0.1,250,649
14,0,0,140,10,50,False,25,25,False,2.5,30,3.1,3.42,2.5,0.1,300,741
15,0,0,150,10,50,False,25,25,False,2.5,30,3.1,3.42,2.5,0.1,393,801
16,0,0,160,10,50,False,25,25,False,2.5,30,3.1,3.42,2.5,0.1,404,805
17,0,0,170,10,50,False,25,25,False,2.5,30,3.1,3.42,2.5,0.1,417,795
18,0,0,180,10,50,False,25,25,False,2.5,30,3.1,3.42,2.5,0.1,420,785
19,0,0,190,10,50,False,25,25,False,2.5,30,3.1,3.42,2.5,0.1,427,779
20,0,0,200,10,50,False,25,25,False,2.5,30,3.1,3.42,2.5,0.1,437,772
21,0,0,210,10,50,False,25,25,False,2.5,30,3.1,3.42,2.5,0.1,446,770
22,0,0,220,10,50,False,25,25,False,2.5,30,3.1,3.42,2.5,0.1,454,760
23,0,0,230,10,50,False,25,25,False,2.5,30,3.1,3.42,2.5,0.1,459,759
24,0,0,240,10,50,False,25,25,False,2.5,30,3.1,3.42,2.5,0.1,470,752
25,0,0,250,10,50,False,25,25,False,2.5,30,3.1,3.42,2.5,0.1,477,732
26,0,0,260,10,50,False,25,25,False,2.5,30,3.1,3.42,2.5,0.1,480,731
27,0,0,270,10,50,False,25,25,False,2.5,30,3.1,3.42,2.5,0.1,483,734
28,0,0,280,10,50,False,25,25,False,2.5,30,3.1,3.42,2.5,0.1,481,729
29,0,0,290,10,50,False,25,25,False,2.5,30,3.1,3.42,2.5,0.1,493,717
30,0,0,300,10,50,False,25,25,False,2.5,30,3.1,3.42,2.5,0.1,493,728
31,0,0,310,10,50,False,25,25,False,2.5,30,3.1,3.42,2.5,0.1,503,718
32,0,0,320,10,50,False,25,25,False,2.5,30,3.1,3.42,2.5,0.1,502,722
33,0,0,330,10,50,False,25,25,False,2.5,30,3.1,3.42,2.5,0.1,496,705
34,0,0,340,10,50,False,25,25,False,2.5,30,3.1,3.42,2.5,0.1,506,716
35,0,0,350,10,50,False,25,25,False,2.5,30,3.1,3.42,2.5,0.1,507,708
36,0,0,360,10,50,False,25,25,False,2.5,30,3.1,3.42,2.5,0.1,506,715
37,0,0,370,10,50,False,25,25,False,2.5,30,3.1,3.42,2.5,0.1,508,707
38,0,0,380,10,50,False,25,25,False,2.5,30,3.1,3.42,2.5,0.1,520,697
39,0,0,390,10,50,False,25,25,False,2.5,30,3.1,3.42,2.5,0.1,520,696
40,0,0,400,10,50,False,25,25,False,2.5,30,3.1,3.42,2.5,0.1,519,688
41,0,0,410,10,50,False,25,25,False,2.5,30,3.1,3.42,2.5,0.1,525,692
42,0,0,420,10,50,False,25,25,False,2.5,30,3.1,3.42,2.5,0.1,524,680
43,0,0,430,10,50,False,25,25,False,2.5,30,3.1,3.42,2.5,0.1,532,688
44,0,0,440,10,50,False,25,25,False,2.5,30,3.1,3.42,2.5,0.1,533,691
45,0,0,450,10,50,False,25,25,False,2.5,30,3.1,3.42,2.5,0.1,530,685
46,0,0,460,10,50,False,25,25,False,2.5,30,3.1,3.42,2.5,0.1,538,682
47,0,0,470,10,50,False,25,25,False,2.5,30,3.1,3.42,2.5,0.1,541,681
48,0,0,480,10,50,False,25,25,False,2.5,30,3.1,3.42,2.5,0.1,541,678
49,0,0,490,10,50,False,25,25,False,2.5,30,3.1,3.42,2.5,0.1,546,677
50,0,0,500,10,50,False,25,25,False,2.5,30,3.1,3.42,2.5,0.1,543,667
51,0,0,510,10,50,False,25,25,False,2.5,30,3.1,3.42,2.5,0.1,544,668
52,0,0,520,10,50,False,25,25,False,2.5,30,3.1,3.42,2.5,0.1,544,669
53,0,0,530,10,50,False,25,25,False,2.5,30,3.1,3.42,2.5,0.1,542,671
54,0,0,540,10,50,False,25,25,False,2.5,30,3.1,3.42,2.5,0.1,546,667
55,0,0,550,10,50,False,25,25,False,2.5,30,3.1,3.42,2.5,0.1,553,662
56,0,0,560,10,50,False,25,25,False,2.5,30,3.1,3.42,2.5,0.1,546,663
57,0,0,570,10,50,False,25,25,False,2.5,30,3.1,3.42,2.5,0.1,552,657
58,0,0,580,10,50,False,25,25,False,2.5,30,3.1,3.42,2.5,0.1,554,658
59,0,0,590,10,50,False,25,25,False,2.5,30,3.1,3.42,2.5,0.1,549,669
60,0,0,600,10,50,False,25,25,False,2.5,30,3.1,3.42,2.5,0.1,563,667
61,0,0,610,10,50,False,25,25,False,2.5,30,3.1,3.42,2.5,0.1,562,658
62,0,0,620,10,50,False,25,25,False,2.5,30,3.1,3.42,2.5,0.1,553,661
63,0,0,630,10,50,False,25,25,False,2.5,30,3.1,3.42,2.5,0.1,562,654
64,0,0,640,10,50,False,25,25,False,2.5,30,3.1,3.42,2.5,0.1,558,660
65,0,0,650,10,50,False,25,25,False,2.5,30,3.1,3.42,2.5,0.1,556,660
66,0,0,660,10,50,False,25,25,False,2.5,30,3.1,3.42,2.5,0.1,562,662
67,0,0,670,10,50,False,25,25,False,2.5,30,3.1,3.42,2.5,0.1,557,654
68,0,0,680,10,50,False,25,25,False,2.5,30,3.1,3.42,2.5,0.1,552,657
69,0,0,690,10,50,False,25,25,False,2.5,30,3.1,3.42,2.5,0.1,560,657
70,0,0,700,10,50,False,25,25,False,2.5,30,3.1,3.42,2.5,0.1,558,652
71,0,0,710,10,50,False,25,25,False,2.5,30,3.1,3.42,2.5,0.1,553,652
72,0,0,720,10,50,False,25,25,False,2.5,30,3.1,3.42,2.5,0.1,559,656
73,0,0,730,10,50,False,25,25,False,2.5,30,3.1,3.42,2.5,0.1,559,647
74,0,0,740,10,50,False,25,25,False,2.5,30,3.1,3.42,2.5,0.1,557,657
75,0,0,750,10,50,False,25,25,False,2.5,30,3.1,3.42,2.5,0.1,558,643
76,0,0,760,10,50,False,25,25,False,2.5,30,3.1,3.42,2.5,0.1,567,651
77,0,0,770,10,50,False,25,25,False,2.5,30,3.1,3.42,2.5,0.1,575,641
78,0,0,780,10,50,False,25,25,False,2.5,30,3.1,3.42,2.5,0.1,577,650
79,0,0,790,10,50,False,25,25,False,2.5,30,3.1,3.42,2.5,0.1,580,644
80,0,0,800,10,50,False,25,25,False,2.5,30,3.1,3.42,2.5,0.1,577,646
81,0,0,810,10,50,False,25,25,False,2.5,30,3.1,3.42,2.5,0.1,576,631
82,0,0,820,10,50,False,25,25,False,2.5,30,3.1,3.42,2.5,0.1,577,640
83,0,0,830,10,50,False,25,25,False,2.5,30,3.1,3.42,2.5,0.1,574,636
84,0,0,840,10,50,False,25,25,False,2.5,30,3.1,3.42,2.5,0.1,580,633
85,0,0,850,10,50,False,25,25,False,2.5,30,3.1,3.42,2.5,0.1,573,635
86,0,0,860,10,50,False,25,25,False,2.5,30,3.1,3.42,2.5,0.1,578,640
87,0,0,870,10,50,False,25,25,False,2.5,30,3.1,3.42,2.5,0.1,580,638
88,0,0,880,10,50,False,25,25,False,2.5,30,3.1,3.42,2.5,0.1,588,633
89,0,0,890,10,50,False,25,25,False,2.5,30,3.1,3.42,2.5,0.1,583,624
90,0,0,900,10,50,False,25,25,False,2.5,30,3.1,3.42,2.5,0.1,583,635
91,0,0,910,10,50,False,25,25,False,2.5,30,3.1,3.42,2.5,0.1,592,636
92,0,0,920,10,50,False,25,25,False,2.5,30,3.1,3.42,2.5,0.1,590,616
93,0,0,930,10,50,False,25,25,False,2.5,30,3.1,3.42,2.5,0.1,596,632
94,0,0,940,10,50,False,25,25,False,2.5,30,3.1,3.42,2.5,0.1,587,625
95,0,0,950,10,50,False,25,25,False,2.5,30,3.1,3.42,2.5,0.1,593,616
96,0,0,960,10,50,False,25,25,False,2.5,30,3.1,3.42,2.5,0.1,602,616
97,0,0,970,10,50,False,25,25,False,2.5,30,3.1,3.42,2.5,0.1,595,619
98,0,0,980,10,50,False,25,25,False,2.5,30,3.1,3.42,2.5,0.1,598,617
99,0,0,990,10,50,False,25,25,False,2.5,30,3.1,3.42,2.5,0.1,600,609
100,0,0,1000,10,50,False,25,25,False,2.5,30,3.1,3.42,2.5,0.1,606,609
101,0,0,1010,10,50,False,25,25,False,2.5,30,3.1,3.42,2.5,0.1,601,604
102,0,0,1020,10,50,False,25,25,False,2.5,30,3.1,3.42,2.5,0.1,609,602
103,0,0,1030,10,50,False,25,25,False,2.5,30,3.1,3.42,2.5,0.1,616,598
104,0,0,1040,10,50,False,25,25,False,2.5,30,3.1,3.42,2.5,0.1,604,602
105,0,0,1050,10,50,False,25,25,False,2.5,30,3.1,3.42,2.5,0.1,620,590
106,0,0,1060,10,50,False,25,25,False,2.5,30,3.1,3.42,2.5,0.1,617,596
107,0,0,1070,10,50,False,25,25,False,2.5,30,3.1,3.42,2.5,0.1,621,596
108,0,0,1080,10,50,False,25,25,False,2.5,30,3.1,3.42,2.5,0.1,620,595
109,0,0,1090,10,50,False,25,25,False,2.5,30,3.1,3.42,2.5,0.1,628,594
110,0,0,1100,10,50,False,25,25,False,2.5,30,3.1,3.42,2.5,0.1,623,589
111,0,0,1110,10,50,False,25,25,False,2.5,30,3.1,3.42,2.5,0.1,630,586
112,0,0,1120,10,50,False,25,25,False,2.5,30,3.1,3.42,2.5,0.1,627,590
113,0,0,1130,10,50,False,25,25,False,2.5,30,3.1,3.42,2.5,0.1,637,573
114,0,0,1140,10,50,False,25,25,False,2.5,30,3.1,3.42,2.5,0.1,643,579
115,0,0,1150,10,50,False,25,25,False,2.5,30,3.1,3.42,2.5,0.1,645,564
116,0,0,1160,10,50,False,25,25,False,2.5,30,3.1,3.42,2.5,0.1,653,573
117,0,0,1170,10,50,False,25,25,False,2.5,30,3.1,3.42,2.5,0.1,652,563
118,0,0,1180,10,50,False,25,25,False,2.5,30,3.1,3.42,2.5,0.1,654,555
119,0,0,1190,10,50,False,25,25,False,2.5,30,3.1,3.42,2.5,0.1,659,548
120,0,0,1200,10,50,False,25,25,False,2.5,30,3.1,3.42,2.5,0.1,663,553
121,0,0,1210,10,50,False,25,25,False,2.5,30,3.1,3.42,2.5,0.1,667,554
122,0,0,1220,10,50,False,25,25,False,2.5,30,3.1,3.42,2.5,0.1,675,547
123,0,0,1230,10,50,False,25,25,False,2.5,30,3.1,3.42,2.5,0.1,673,541
124,0,0,1240,10,50,False,25,25,False,2.5,30,3.1,3.42,2.5,0.1,682,541
125,0,0,1250,10,50,False,25,25,False,2.5,30,3.1,3.42,2.5,0.1,687,538
126,0,0,1260,10,50,False,25,25,False,2.5,30,3.1,3.42,2.5,0.1,686,542
127,0,0,1270,10,50,False,25,25,False,2.5,30,3.1,3.42,2.5,0.1,684,530
128,0,0,1280,10,50,False,25,25,False,2.5,30,3.1,3.42,2.5,0.1,695,533
129,0,0,1290,10,50,False,25,25,False,2.5,30,3.1,3.42,2.5,0.1,686,530
130,0,0,1300,10,50,False,25,25,False,2.5,30,3.1,3.42,2.5,0.1,675,537
131,0,0,1310,10,50,False,25,25,False,2.5,30,3.1,3.42,2.5,0.1,691,537
132,0,0,1320,10,50,False,25,25,False,2.5,30,3.1,3.42,2.5,0.1,694,530
133,0,0,1330,10,50,False,25,25,False,2.5,30,3.1,3.42,2.5,0.1,700,520
134,0,0,1340,10,50,False,25,25,False,2.5,30,3.1,3.42,2.5,0.1,697,526
135,0,0,1350,10,50,False,25,25,False,2.5,30,3.1,3.42,2.5,0.1,694,517
136,0,0,1360,10,50,False,25,25,False,2.5,30,3.1,3.42,2.5,0.1,698,513
137,0,0,1370,10,50,False,25,25,False,2.5,30,3.1,3.42,2.5,0.1,703,508
138,0,0,1380,10,50,False,25,25,False,2.5,30,3.1,3.42,2.5,0.1,694,508
139,0,0,1390,10,50,False,25,25,False,2.5,30,3.1,3.42,2.5,0.1,705,522
140,0,0,1400,10,50,False,25,25,False,2.5,30,3.1,3.42,2.5,0.1,705,509
141,0,0,1410,10,50,False,25,25,False,2.5,30,3.1,3.42,2.5,0.1,707,515
142,0,0,1420,10,50,False,25,25,False,2.5,30,3.1,3.42,2.5,0.1,705,517
143,0,0,1430,10,50,False,25,25,False,2.5,30,3.1,3.42,2.5,0.1,711,502
144,0,0,1440,10,50,False,25,25,False,2.5,30,3.1,3.42,2.5,0.1,707,508
145,0,0,1450,10,50,False,25,25,False,2.5,30,3.1,3.42,2.5,0.1,707,506
146,0,0,1460,10,50,False,25,25,False,2.5,30,3.1,3.42,2.5,0.1,705,508
147,0,0,1470,10,50,False,25,25,False,2.5,30,3.1,3.42,2.5,0.1,709,505
148,0,0,1480,10,50,False,25,25,False,2.5,30,3.1,3.42,2.5,0.1,715,501
149,0,0,1490,10,50,False,25,25,False,2.5,30,3.1,3.42,2.5,0.1,705,508
150,0,0,1500,10,50,False,25,25,False,2.5,30,3.1,3.42,2.5,0.1,702,500
151,1,1,0,10,50,False,25,25,False,2.5,30,4.6,3.34,2.49,0.2,10,50
152,1,1,10,10,50,False,25,25,False,2.5,30,4.6,3.34,2.49,0.2,18,84
153,1,1,20,10,50,False,25,25,False,2.5,30,4.6,3.34,2.49,0.2,24,108
154,1,1,30,10,50,False,25,25,False,2.5,30,4.6,3.34,2.49,0.2,37,140
155,1,1,40,10,50,False,25,25,False,2.5,30,4.6,3.34,2.49,0.2,39,158
156,1,1,50,10,50,False,25,25,False,2.5,30,4.6,3.34,2.49,0.2,52,190
157,1,1,60,10,50,False,25,25,False,2.5,30,4.6,3.34,2.49,0.2,53,227
158,1,1,70,10,50,False,25,25,False,2.5,30,4.6,3.34,2.49,0.2,73,270
159,1,1,80,10,50,False,25,25,False,2.5,30,4.6,3.34,2.49,0.2,92,328
160,1,1,90,10,50,False,25,25,False,2.5,30,4.6,3.34,2.49,0.2,105,389
161,1,1,100,10,50,False,25,25,False,2.5,30,4.6,3.34,2.49,0.2,134,446
162,1,1,110,10,50,False,25,25,False,2.5,30,4.6,3.34,2.49,0.2,178,511
163,1,1,120,10,50,False,25,25,False,2.5,30,4.6,3.34,2.49,0.2,198,609
164,1,1,130,10,50,False,25,25,False,2.5,30,4.6,3.34,2.49,0.2,257,671
165,1,1,140,10,50,False,25,25,False,2.5,30,4.6,3.34,2.49,0.2,304,747
166,1,1,150,10,50,False,25,25,False,2.5,30,4.6,3.34,2.49,0.2,369,805
167,1,1,160,10,50,False,25,25,False,2.5,30,4.6,3.34,2.49,0.2,411,803
168,1,1,170,10,50,False,25,25,False,2.5,30,4.6,3.34,2.49,0.2,424,794
169,1,1,180,10,50,False,25,25,False,2.5,30,4.6,3.34,2.49,0.2,427,771
170,1,1,190,10,50,False,25,25,False,2.5,30,4.6,3.34,2.49,0.2,436,785
171,1,1,200,10,50,False,25,25,False,2.5,30,4.6,3.34,2.49,0.2,436,769
172,1,1,210,10,50,False,25,25,False,2.5,30,4.6,3.34,2.49,0.2,431,784
173,1,1,220,10,50,False,25,25,False,2.5,30,4.6,3.34,2.49,0.2,437,779
174,1,1,230,10,50,False,25,25,False,2.5,30,4.6,3.34,2.49,0.2,438,770
175,1,1,240,10,50,False,25,25,False,2.5,30,4.6,3.34,2.49,0.2,431,769
176,1,1,250,10,50,False,25,25,False,2.5,30,4.6,3.34,2.49,0.2,442,775
177,1,1,260,10,50,False,25,25,False,2.5,30,4.6,3.34,2.49,0.2,440,776
178,1,1,270,10,50,False,25,25,False,2.5,30,4.6,3.34,2.49,0.2,430,773
179,1,1,280,10,50,False,25,25,False,2.5,30,4.6,3.34,2.49,0.2,446,767
180,1,1,290,10,50,False,25,25,False,2.5,30,4.6,3.34,2.49,0.2,447,761
181,1,1,300,10,50,False,25,25,False,2.5,30,4.6,3.34,2.49,0.2,450,769
182,1,1,310,10,50,False,25,25,False,2.5,30,4.6,3.34,2.49,0.2,451,763
183,1,1,320,10,50,False,25,25,False,2.5,30,4.6,3.34,2.49,0.2,456,765
184,1,1,330,10,50,False,25,25,False,2.5,30,4.6,3.34,2.49,0.2,455,759
185,1,1,340,10,50,False,25,25,False,2.5,30,4.6,3.34,2.49,0.2,454,755
186,1,1,350,10,50,False,25,25,False,2.5,30,4.6,3.34,2.49,0.2,453,760
187,1,1,360,10,50,False,25,25,False,2.5,30,4.6,3.34,2.49,0.2,456,749
188,1,1,370,10,50,False,25,25,False,2.5,30,4.6,3.34,2.49,0.2,454,759
189,1,1,380,10,50,False,25,25,False,2.5,30,4.6,3.34,2.49,0.2,462,748
190,1,1,390,10,50,False,25,25,False,2.5,30,4.6,3.34,2.49,0.2,457,758
191,1,1,400,10,50,False,25,25,False,2.5,30,4.6,3.34,2.49,0.2,456,764
192,1,1,410,10,50,False,25,25,False,2.5,30,4.6,3.34,2.49,0.2,456,758
193,1,1,420,10,50,False,25,25,False,2.5,30,4.6,3.34,2.49,0.2,456,757
194,1,1,430,10,50,False,25,25,False,2.5,30,4.6,3.34,2.49,0.2,463,755
195,1,1,440,10,50,False,25,25,False,2.5,30,4.6,3.34,2.49,0.2,458,752
196,1,1,450,10,50,False,25,25,False,2.5,30,4.6,3.34,2.49,0.2,461,745
197,1,1,460,10,50,False,25,25,False,2.5,30,4.6,3.34,2.49,0.2,460,747
198,1,1,470,10,50,False,25,25,False,2.5,30,4.6,3.34,2.49,0.2,470,738
199,1,1,480,10,50,False,25,25,False,2.5,30,4.6,3.34,2.49,0.2,471,744
200,1,1,490,10,50,False,25,25,False,2.5,30,4.6,3.34,2.49,0.2,471,745
201,1,1,500,10,50,False,25,25,False,2.5,30,4.6,3.34,2.49,0.2,474,745
202,1,1,510,10,50,False,25,25,False,2.5,30,4.6,3.34,2.49,0.2,476,725
203,1,1,520,10,50,False,25,25,False,2.5,30,4.6,3.34,2.49,0.2,478,739
204,1,1,530,10,50,False,25,25,False,2.5,30,4.6,3.34,2.49,0.2,488,736
205,1,1,540,10,50,False,25,25,False,2.5,30,4.6,3.34,2.49,0.2,482,731
206,1,1,550,10,50,False,25,25,False,2.5,30,4.6,3.34,2.49,0.2,476,730
207,1,1,560,10,50,False,25,25,False,2.5,30,4.6,3.34,2.49,0.2,488,734
208,1,1,570,10,50,False,25,25,False,2.5,30,4.6,3.34,2.49,0.2,480,736
209,1,1,580,10,50,False,25,25,False,2.5,30,4.6,3.34,2.49,0.2,491,724
210,1,1,590,10,50,False,25,25,False,2.5,30,4.6,3.34,2.49,0.2,485,725
211,1,1,600,10,50,False,25,25,False,2.5,30,4.6,3.34,2.49,0.2,493,727
212,1,1,610,10,50,False,25,25,False,2.5,30,4.6,3.34,2.49,0.2,491,712
213,1,1,620,10,50,False,25,25,False,2.5,30,4.6,3.34,2.49,0.2,484,734
214,1,1,630,10,50,False,25,25,False,2.5,30,4.6,3.34,2.49,0.2,487,730
215,1,1,640,10,50,False,25,25,False,2.5,30,4.6,3.34,2.49,0.2,495,727
216,1,1,650,10,50,False,25,25,False,2.5,30,4.6,3.34,2.49,0.2,493,722
217,1,1,660,10,50,False,25,25,False,2.5,30,4.6,3.34,2.49,0.2,495,716
218,1,1,670,10,50,False,25,25,False,2.5,30,4.6,3.34,2.49,0.2,495,724
219,1,1,680,10,50,False,25,25,False,2.5,30,4.6,3.34,2.49,0.2,495,714
220,1,1,690,10,50,False,25,25,False,2.5,30,4.6,3.34,2.49,0.2,490,724
221,1,1,700,10,50,False,25,25,False,2.5,30,4.6,3.34,2.49,0.2,493,723
222,1,1,710,10,50,False,25,25,False,2.5,30,4.6,3.34,2.49,0.2,499,707
223,1,1,720,10,50,False,25,25,False,2.5,30,4.6,3.34,2.49,0.2,499,717
224,1,1,730,10,50,False,25,25,False,2.5,30,4.6,3.34,2.49,0.2,499,713
225,1,1,740,10,50,False,25,25,False,2.5,30,4.6,3.34,2.49,0.2,492,710
226,1,1,750,10,50,False,25,25,False,2.5,30,4.6,3.34,2.49,0.2,507,715
227,1,1,760,10,50,False,25,25,False,2.5,30,4.6,3.34,2.49,0.2,494,713
228,1,1,770,10,50,False,25,25,False,2.5,30,4.6,3.34,2.49,0.2,493,721
229,1,1,780,10,50,False,25,25,False,2.5,30,4.6,3.34,2.49,0.2,500,715
230,1,1,790,10,50,False,25,25,False,2.5,30,4.6,3.34,2.49,0.2,508,707
231,1,1,800,10,50,False,25,25,False,2.5,30,4.6,3.34,2.49,0.2,496,707
232,1,1,810,10,50,False,25,25,False,2.5,30,4.6,3.34,2.49,0.2,498,713
233,1,1,820,10,50,False,25,25,False,2.5,30,4.6,3.34,2.49,0.2,502,705
234,1,1,830,10,50,False,25,25,False,2.5,30,4.6,3.34,2.49,0.2,507,719
235,1,1,840,10,50,False,25,25,False,2.5,30,4.6,3.34,2.49,0.2,509,709
236,1,1,850,10,50,False,25,25,False,2.5,30,4.6,3.34,2.49,0.2,509,703
237,1,1,860,10,50,False,25,25,False,2.5,30,4.6,3.34,2.49,0.2,507,706
238,1,1,870,10,50,False,25,25,False,2.5,30,4.6,3.34,2.49,0.2,505,707
239,1,1,880,10,50,False,25,25,False,2.5,30,4.6,3.34,2.49,0.2,509,690
240,1,1,890,10,50,False,25,25,False,2.5,30,4.6,3.34,2.49,0.2,512,702
241,1,1,900,10,50,False,25,25,False,2.5,30,4.6,3.34,2.49,0.2,507,697
242,1,1,910,10,50,False,25,25,False,2.5,30,4.6,3.34,2.49,0.2,517,710
243,1,1,920,10,50,False,25,25,False,2.5,30,4.6,3.34,2.49,0.2,513,694
244,1,1,930,10,50,False,25,25,False,2.5,30,4.6,3.34,2.49,0.2,505,697
245,1,1,940,10,50,False,25,25,False,2.5,30,4.6,3.34,2.49,0.2,509,698
246,1,1,950,10,50,False,25,25,False,2.5,30,4.6,3.34,2.49,0.2,507,707
247,1,1,960,10,50,False,25,25,False,2.5,30,4.6,3.34,2.49,0.2,509,699
248,1,1,970,10,50,False,25,25,False,2.5,30,4.6,3.34,2.49,0.2,506,707
249,1,1,980,10,50,False,25,25,False,2.5,30,4.6,3.34,2.49,0.2,517,700
250,1,1,990,10,50,False,25,25,False,2.5,30,4.6,3.34,2.49,0.2,518,695
251,1,1,1000,10,50,False,25,25,False,2.5,30,4.6,3.34,2.49,0.2,516,693
252,1,1,1010,10,50,False,25,25,False,2.5,30,4.6,3.34,2.49,0.2,523,698
253,1,1,1020,10,50,False,25,25,False,2.5,30,4.6,3.34,2.49,0.2,520,691
254,1,1,1030,10,50,False,25,25,False,2.5,30,4.6,3.34,2.49,0.2,516,689
255,1,1,1040,10,50,False,25,25,False,2.5,30,4.6,3.34,2.49,0.2,522,688
256,1,1,1050,10,50,False,25,25,False,2.5,30,4.6,3.34,2.49,0.2,526,688
257,1,1,1060,10,50,False,25,25,False,2.5,30,4.6,3.34,2.49,0.2,520,682
258,1,1,1070,10,50,False,25,25,False,2.5,30,4.6,3.34,2.49,0.2,528,693
259,1,1,1080,10,50,False,25,25,False,2.5,30,4.6,3.34,2.49,0.2,529,681
260,1,1,1090,10,50,False,25,25,False,2.5,30,4.6,3.34,2.49,0.2,531,687
261,1,1,1100,10,50,False,25,25,False,2.5,30,4.6,3.34,2.49,0.2,532,687
262,1,1,1110,10,50,False,25,25,False,2.5,30,4.6,3.34,2.49,0.2,524,680
263,1,1,1120,10,50,False,25,25,False,2.5,30,4.6,3.34,2.49,0.2,529,684
264,1,1,1130,10,50,False,25,25,False,2.5,30,4.6,3.34,2.49,0.2,529,677
265,1,1,1140,10,50,False,25,25,False,2.5,30,4.6,3.34,2.49,0.2,522,683
266,1,1,1150,10,50,False,25,25,False,2.5,30,4.6,3.34,2.49,0.2,528,682
267,1,1,1160,10,50,False,25,25,False,2.5,30,4.6,3.34,2.49,0.2,532,686
268,1,1,1170,10,50,False,25,25,False,2.5,30,4.6,3.34,2.49,0.2,541,678
269,1,1,1180,10,50,False,25,25,False,2.5,30,4.6,3.34,2.49,0.2,532,686
270,1,1,1190,10,50,False,25,25,False,2.5,30,4.6,3.34,2.49,0.2,525,683
271,1,1,1200,10,50,False,25,25,False,2.5,30,4.6,3.34,2.49,0.2,522,673
272,1,1,1210,10,50,False,25,25,False,2.5,30,4.6,3.34,2.49,0.2,537,670
273,1,1,1220,10,50,False,25,25,False,2.5,30,4.6,3.34,2.49,0.2,530,682
274,1,1,1230,10,50,False,25,25,False,2.5,30,4.6,3.34,2.49,0.2,530,683
275,1,1,1240,10,50,False,25,25,False,2.5,30,4.6,3.34,2.49,0.2,530,680
276,1,1,1250,10,50,False,25,25,False,2.5,30,4.6,3.34,2.49,0.2,534,692
277,1,1,1260,10,50,False,25,25,False,2.5,30,4.6,3.34,2.49,0.2,522,687
278,1,1,1270,10,50,False,25,25,False,2.5,30,4.6,3.34,2.49,0.2,531,677
279,1,1,1280,10,50,False,25,25,False,2.5,30,4.6,3.34,2.49,0.2,528,675
280,1,1,1290,10,50,False,25,25,False,2.5,30,4.6,3.34,2.49,0.2,544,681
281,1,1,1300,10,50,False,25,25,False,2.5,30,4.6,3.34,2.49,0.2,538,684
282,1,1,1310,10,50,False,25,25,False,2.5,30,4.6,3.34,2.49,0.2,530,691
283,1,1,1320,10,50,False,25,25,False,2.5,30,4.6,3.34,2.49,0.2,531,670
284,1,1,1330,10,50,False,25,25,False,2.5,30,4.6,3.34,2.49,0.2,537,677
285,1,1,1340,10,50,False,25,25,False,2.5,30,4.6,3.34,2.49,0.2,534,680
286,1,1,1350,10,50,False,25,25,False,2.5,30,4.6,3.34,2.49,0.2,543,664
287,1,1,1360,10,50,False,25,25,False,2.5,30,4.6,3.34,2.49,0.2,538,662
288,1,1,1370,10,50,False,25,25,False,2.5,30,4.6,3.34,2.49,0.2,542,674
289,1,1,1380,10,50,False,25,25,False,2.5,30,4.6,3.34,2.49,0.2,557,662
290,1,1,1390,10,50,False,25,25,False,2.5,30,4.6,3.34,2.49,0.2,561,650
291,1,1,1400,10,50,False,25,25,False,2.5,30,4.6,3.34,2.49,0.2,561,657
292,1,1,1410,10,50,False,25,25,False,2.5,30,4.6,3.34,2.49,0.2,554,660
293,1,1,1420,10,50,False,25,25,False,2.5,30,4.6,3.34,2.49,0.2,570,643
294,1,1,1430,10,50,False,25,25,False,2.5,30,4.6,3.34,2.49,0.2,569,658
295,1,1,1440,10,50,False,25,25,False,2.5,30,4.6,3.34,2.49,0.2,567,642
296,1,1,1450,10,50,False,25,25,False,2.5,30,4.6,3.34,2.49,0.2,571,643
297,1,1,1460,10,50,False,25,25,False,2.5,30,4.6,3.34,2.49,0.2,568,639
298,1,1,1470,10,50,False,25,25,False,2.5,30,4.6,3.34,2.49,0.2,574,635
299,1,1,1480,10,50,False,25,25,False,2.5,30,4.6,3.34,2.49,0.2,577,642
300,1,1,1490,10,50,False,25,25,False,2.5,30,4.6,3.34,2.49,0.2,573,627
301,1,1,1500,10,50,False,25,25,False,2.5,30,4.6,3.34,2.49,0.2,580,629
302,2,2,0,10,50,False,25,25,False,2.5,30,4.9,3.52,2.5,0.14,10,50
303,2,2,10,10,50,False,25,25,False,2.5,30,4.9,3.52,2.5,0.14,18,80
304,2,2,20,10,50,False,25,25,False,2.5,30,4.9,3.52,2.5,0.14,28,110
305,2,2,30,10,50,False,25,25,False,2.5,30,4.9,3.52,2.5,0.14,37,128
306,2,2,40,10,50,False,25,25,False,2.5,30,4.9,3.52,2.5,0.14,36,150
307,2,2,50,10,50,False,25,25,False,2.5,30,4.9,3.52,2.5,0.14,49,181
308,2,2,60,10,50,False,25,25,False,2.5,30,4.9,3.52,2.5,0.14,55,208
309,2,2,70,10,50,False,25,25,False,2.5,30,4.9,3.52,2.5,0.14,73,253
310,2,2,80,10,50,False,25,25,False,2.5,30,4.9,3.52,2.5,0.14,82,287
311,2,2,90,10,50,False,25,25,False,2.5,30,4.9,3.52,2.5,0.14,102,350
312,2,2,100,10,50,False,25,25,False,2.5,30,4.9,3.52,2.5,0.14,130,411
313,2,2,110,10,50,False,25,25,False,2.5,30,4.9,3.52,2.5,0.14,154,446
314,2,2,120,10,50,False,25,25,False,2.5,30,4.9,3.52,2.5,0.14,186,530
315,2,2,130,10,50,False,25,25,False,2.5,30,4.9,3.52,2.5,0.14,220,564
316,2,2,140,10,50,False,25,25,False,2.5,30,4.9,3.52,2.5,0.14,267,628
317,2,2,150,10,50,False,25,25,False,2.5,30,4.9,3.52,2.5,0.14,327,667
318,2,2,160,10,50,False,25,25,False,2.5,30,4.9,3.52,2.5,0.14,388,731
319,2,2,170,10,50,False,25,25,False,2.5,30,4.9,3.52,2.5,0.14,460,752
320,2,2,180,10,50,False,25,25,False,2.5,30,4.9,3.52,2.5,0.14,473,723
321,2,2,190,10,50,False,25,25,False,2.5,30,4.9,3.52,2.5,0.14,503,712
322,2,2,200,10,50,False,25,25,False,2.5,30,4.9,3.52,2.5,0.14,503,705
323,2,2,210,10,50,False,25,25,False,2.5,30,4.9,3.52,2.5,0.14,499,702
324,2,2,220,10,50,False,25,25,False,2.5,30,4.9,3.52,2.5,0.14,512,690
325,2,2,230,10,50,False,25,25,False,2.5,30,4.9,3.52,2.5,0.14,526,685
326,2,2,240,10,50,False,25,25,False,2.5,30,4.9,3.52,2.5,0.14,535,667
327,2,2,250,10,50,False,25,25,False,2.5,30,4.9,3.52,2.5,0.14,540,675
328,2,2,260,10,50,False,25,25,False,2.5,30,4.9,3.52,2.5,0.14,559,653
329,2,2,270,10,50,False,25,25,False,2.5,30,4.9,3.52,2.5,0.14,569,648
330,2,2,280,10,50,False,25,25,False,2.5,30,4.9,3.52,2.5,0.14,578,620
331,2,2,290,10,50,False,25,25,False,2.5,30,4.9,3.52,2.5,0.14,591,614
332,2,2,300,10,50,False,25,25,False,2.5,30,4.9,3.52,2.5,0.14,607,598
333,2,2,310,10,50,False,25,25,False,2.5,30,4.9,3.52,2.5,0.14,613,605
334,2,2,320,10,50,False,25,25,False,2.5,30,4.9,3.52,2.5,0.14,617,590
335,2,2,330,10,50,False,25,25,False,2.5,30,4.9,3.52,2.5,0.14,621,583
336,2,2,340,10,50,False,25,25,False,2.5,30,4.9,3.52,2.5,0.14,633,590
337,2,2,350,10,50,False,25,25,False,2.5,30,4.9,3.52,2.5,0.14,636,574
338,2,2,360,10,50,False,25,25,False,2.5,30,4.9,3.52,2.5,0.14,632,571
339,2,2,370,10,50,False,25,25,False,2.5,30,4.9,3.52,2.5,0.14,644,583
340,2,2,380,10,50,False,25,25,False,2.5,30,4.9,3.52,2.5,0.14,651,564
341,2,2,390,10,50,False,25,25,False,2.5,30,4.9,3.52,2.5,0.14,652,562
342,2,2,400,10,50,False,25,25,False,2.5,30,4.9,3.52,2.5,0.14,666,552
343,2,2,410,10,50,False,25,25,False,2.5,30,4.9,3.52,2.5,0.14,674,551
344,2,2,420,10,50,False,25,25,False,2.5,30,4.9,3.52,2.5,0.14,681,532
345,2,2,430,10,50,False,25,25,False,2.5,30,4.9,3.52,2.5,0.14,695,525
346,2,2,440,10,50,False,25,25,False,2.5,30,4.9,3.52,2.5,0.14,696,524
347,2,2,450,10,50,False,25,25,False,2.5,30,4.9,3.52,2.5,0.14,696,520
348,2,2,460,10,50,False,25,25,False,2.5,30,4.9,3.52,2.5,0.14,701,505
349,2,2,470,10,50,False,25,25,False,2.5,30,4.9,3.52,2.5,0.14,710,502
350,2,2,480,10,50,False,25,25,False,2.5,30,4.9,3.52,2.5,0.14,712,494
351,2,2,490,10,50,False,25,25,False,2.5,30,4.9,3.52,2.5,0.14,726,483
352,2,2,500,10,50,False,25,25,False,2.5,30,4.9,3.52,2.5,0.14,733,490
353,2,2,510,10,50,False,25,25,False,2.5,30,4.9,3.52,2.5,0.14,732,482
354,2,2,520,10,50,False,25,25,False,2.5,30,4.9,3.52,2.5,0.14,746,474
355,2,2,530,10,50,False,25,25,False,2.5,30,4.9,3.52,2.5,0.14,747,469
356,2,2,540,10,50,False,25,25,False,2.5,30,4.9,3.52,2.5,0.14,755,470
357,2,2,550,10,50,False,25,25,False,2.5,30,4.9,3.52,2.5,0.14,750,462
358,2,2,560,10,50,False,25,25,False,2.5,30,4.9,3.52,2.5,0.14,743,464
359,2,2,570,10,50,False,25,25,False,2.5,30,4.9,3.52,2.5,0.14,758,457
360,2,2,580,10,50,False,25,25,False,2.5,30,4.9,3.52,2.5,0.14,752,452
361,2,2,590,10,50,False,25,25,False,2.5,30,4.9,3.52,2.5,0.14,769,449
362,2,2,600,10,50,False,25,25,False,2.5,30,4.9,3.52,2.5,0.14,769,448
363,2,2,610,10,50,False,25,25,False,2.5,30,4.9,3.52,2.5,0.14,761,452
364,2,2,620,10,50,False,25,25,False,2.5,30,4.9,3.52,2.5,0.14,773,447
365,2,2,630,10,50,False,25,25,False,2.5,30,4.9,3.52,2.5,0.14,772,437
366,2,2,640,10,50,False,25,25,False,2.5,30,4.9,3.52,2.5,0.14,763,440
367,2,2,650,10,50,False,25,25,False,2.5,30,4.9,3.52,2.5,0.14,780,437
368,2,2,660,10,50,False,25,25,False,2.5,30,4.9,3.52,2.5,0.14,789,430
369,2,2,670,10,50,False,25,25,False,2.5,30,4.9,3.52,2.5,0.14,788,426
370,2,2,680,10,50,False,25,25,False,2.5,30,4.9,3.52,2.5,0.14,790,420
371,2,2,690,10,50,False,25,25,False,2.5,30,4.9,3.52,2.5,0.14,797,423
372,2,2,700,10,50,False,25,25,False,2.5,30,4.9,3.52,2.5,0.14,803,411
373,2,2,710,10,50,False,25,25,False,2.5,30,4.9,3.52,2.5,0.14,805,417
374,2,2,720,10,50,False,25,25,False,2.5,30,4.9,3.52,2.5,0.14,809,414
375,2,2,730,10,50,False,25,25,False,2.5,30,4.9,3.52,2.5,0.14,798,406
376,2,2,740,10,50,False,25,25,False,2.5,30,4.9,3.52,2.5,0.14,810,405
377,2,2,750,10,50,False,25,25,False,2.5,30,4.9,3.52,2.5,0.14,803,409
378,2,2,760,10,50,False,25,25,False,2.5,30,4.9,3.52,2.5,0.14,811,416
379,2,2,770,10,50,False,25,25,False,2.5,30,4.9,3.52,2.5,0.14,810,412
380,2,2,780,10,50,False,25,25,False,2.5,30,4.9,3.52,2.5,0.14,813,409
381,2,2,790,10,50,False,25,25,False,2.5,30,4.9,3.52,2.5,0.14,813,406
382,2,2,800,10,50,False,25,25,False,2.5,30,4.9,3.52,2.5,0.14,816,404
383,2,2,810,10,50,False,25,25,False,2.5,30,4.9,3.52,2.5,0.14,820,403
384,2,2,820,10,50,False,25,25,False,2.5,30,4.9,3.52,2.5,0.14,815,399
385,2,2,830,10,50,False,25,25,False,2.5,30,4.9,3.52,2.5,0.14,824,397
386,2,2,840,10,50,False,25,25,False,2.5,30,4.9,3.52,2.5,0.14,817,398
387,2,2,850,10,50,False,25,25,False,2.5,30,4.9,3.52,2.5,0.14,807,395
388,2,2,860,10,50,False,25,25,False,2.5,30,4.9,3.52,2.5,0.14,820,400
389,2,2,870,10,50,False,25,25,False,2.5,30,4.9,3.52,2.5,0.14,812,389
390,2,2,880,10,50,False,25,25,False,2.5,30,4.9,3.52,2.5,0.14,822,398
391,2,2,890,10,50,False,25,25,False,2.5,30,4.9,3.52,2.5,0.14,807,397
392,2,2,900,10,50,False,25,25,False,2.5,30,4.9,3.52,2.5,0.14,814,399
393,2,2,910,10,50,False,25,25,False,2.5,30,4.9,3.52,2.5,0.14,821,400
394,2,2,920,10,50,False,25,25,False,2.5,30,4.9,3.52,2.5,0.14,819,402
395,2,2,930,10,50,False,25,25,False,2.5,30,4.9,3.52,2.5,0.14,814,405
396,2,2,940,10,50,False,25,25,False,2.5,30,4.9,3.52,2.5,0.14,815,401
397,2,2,950,10,50,False,25,25,False,2.5,30,4.9,3.52,2.5,0.14,813,399
398,2,2,960,10,50,False,25,25,False,2.5,30,4.9,3.52,2.5,0.14,821,400
399,2,2,970,10,50,False,25,25,False,2.5,30,4.9,3.52,2.5,0.14,816,400
400,2,2,980,10,50,False,25,25,False,2.5,30,4.9,3.52,2.5,0.14,817,397
401,2,2,990,10,50,False,25,25,False,2.5,30,4.9,3.52,2.5,0.14,813,395
402,2,2,1000,10,50,False,25,25,False,2.5,30,4.9,3.52,2.5,0.14,821,395
403,2,2,1010,10,50,False,25,25,False,2.5,30,4.9,3.52,2.5,0.14,815,406
404,2,2,1020,10,50,False,25,25,False,2.5,30,4.9,3.52,2.5,0.14,814,398
405,2,2,1030,10,50,False,25,25,False,2.5,30,4.9,3.52,2.5,0.14,818,399
406,2,2,1040,10,50,False,25,25,False,2.5,30,4.9,3.52,2.5,0.14,822,400
407,2,2,1050,10,50,False,25,25,False,2.5,30,4.9,3.52,2.5,0.14,819,394
408,2,2,1060,10,50,False,25,25,False,2.5,30,4.9,3.52,2.5,0.14,816,405
409,2,2,1070,10,50,False,25,25,False,2.5,30,4.9,3.52,2.5,0.14,822,396
410,2,2,1080,10,50,False,25,25,False,2.5,30,4.9,3.52,2.5,0.14,812,397
411,2,2,1090,10,50,False,25,25,False,2.5,30,4.9,3.52,2.5,0.14,817,403
412,2,2,1100,10,50,False,25,25,False,2.5,30,4.9,3.52,2.5,0.14,811,398
413,2,2,1110,10,50,False,25,25,False,2.5,30,4.9,3.52,2.5,0.14,812,400
414,2,2,1120,10,50,False,25,25,False,2.5,30,4.9,3.52,2.5,0.14,809,402
415,2,2,1130,10,50,False,25,25,False,2.5,30,4.9,3.52,2.5,0.14,813,401
416,2,2,1140,10,50,False,25,25,False,2.5,30,4.9,3.52,2.5,0.14,819,399
417,2,2,1150,10,50,False,25,25,False,2.5,30,4.9,3.52,2.5,0.14,818,392
418,2,2,1160,10,50,False,25,25,False,2.5,30,4.9,3.52,2.5,0.14,825,400
419,2,2,1170,10,50,False,25,25,False,2.5,30,4.9,3.52,2.5,0.14,820,396
420,2,2,1180,10,50,False,25,25,False,2.5,30,4.9,3.52,2.5,0.14,813,397
421,2,2,1190,10,50,False,25,25,False,2.5,30,4.9,3.52,2.5,0.14,821,396
422,2,2,1200,10,50,False,25,25,False,2.5,30,4.9,3.52,2.5,0.14,821,397
423,2,2,1210,10,50,False,25,25,False,2.5,30,4.9,3.52,2.5,0.14,814,404
424,2,2,1220,10,50,False,25,25,False,2.5,30,4.9,3.52,2.5,0.14,818,394
425,2,2,1230,10,50,False,25,25,False,2.5,30,4.9,3.52,2.5,0.14,822,396
426,2,2,1240,10,50,False,25,25,False,2.5,30,4.9,3.52,2.5,0.14,816,399
427,2,2,1250,10,50,False,25,25,False,2.5,30,4.9,3.52,2.5,0.14,810,402
428,2,2,1260,10,50,False,25,25,False,2.5,30,4.9,3.52,2.5,0.14,812,397
429,2,2,1270,10,50,False,25,25,False,2.5,30,4.9,3.52,2.5,0.14,810,402
430,2,2,1280,10,50,False,25,25,False,2.5,30,4.9,3.52,2.5,0.14,820,400
431,2,2,1290,10,50,False,25,25,False,2.5,30,4.9,3.52,2.5,0.14,812,402
432,2,2,1300,10,50,False,25,25,False,2.5,30,4.9,3.52,2.5,0.14,813,400
433,2,2,1310,10,50,False,25,25,False,2.5,30,4.9,3.52,2.5,0.14,817,402
434,2,2,1320,10,50,False,25,25,False,2.5,30,4.9,3.52,2.5,0.14,820,391
435,2,2,1330,10,50,False,25,25,False,2.5,30,4.9,3.52,2.5,0.14,814,397
436,2,2,1340,10,50,False,25,25,False,2.5,30,4.9,3.52,2.5,0.14,819,400
437,2,2,1350,10,50,False,25,25,False,2.5,30,4.9,3.52,2.5,0.14,813,395
438,2,2,1360,10,50,False,25,25,False,2.5,30,4.9,3.52,2.5,0.14,820,403
439,2,2,1370,10,50,False,25,25,False,2.5,30,4.9,3.52,2.5,0.14,815,401
440,2,2,1380,10,50,False,25,25,False,2.5,30,4.9,3.52,2.5,0.14,810,398
441,2,2,1390,10,50,False,25,25,False,2.5,30,4.9,3.52,2.5,0.14,820,400
442,2,2,1400,10,50,False,25,25,False,2.5,30,4.9,3.52,2.5,0.14,818,400
443,2,2,1410,10,50,False,25,25,False,2.5,30,4.9,3.52,2.5,0.14,820,399
444,2,2,1420,10,50,False,25,25,False,2.5,30,4.9,3.52,2.5,0.14,813,400
445,2,2,1430,10,50,False,25,25,False,2.5,30,4.9,3.52,2.5,0.14,817,394
446,2,2,1440,10,50,False,25,25,False,2.5,30,4.9,3.52,2.5,0.14,819,393
447,2,2,1450,10,50,False,25,25,False,2.5,30,4.9,3.52,2.5,0.14,819,399
448,2,2,1460,10,50,False,25,25,False,2.5,30,4.9,3.52,2.5,0.14,810,396
449,2,2,1470,10,50,False,25,25,False,2.5,30,4.9,3.52,2.5,0.14,818,393
450,2,2,1480,10,50,False,25,25,False,2.5,30,4.9,3.52,2.5,0.14,820,402
451,2,2,1490,10,50,False,25,25,False,2.5,30,4.9,3.52,2.5,0.14,817,395
452,2,2,1500,10,50,False,25,25,False,2.5,30,4.9,3.52,2.5,0.14,816,399
